,run,subrun,event
0,8557,44,2258
1,8557,52,2623
2,8557,71,3486
3,8557,73,3571
4,8557,150,7022
5,8557,242,10983
6,8557,277,12280
7,8557,308,13663
8,8557,323,14282
9,8557,333,14727
10,8557,366,16035
11,8557,379,16591
12,8557,400,17525
13,8557,469,20509
14,8560,90,3777
15,8560,115,4835
16,8560,148,6225
17,8560,173,7326
18,8560,181,7708
19,8560,197,8456
20,8560,198,8497
21,8560,318,13996
22,8560,341,14879
23,8560,377,16138
24,8561,68,2299
25,8561,109,3396
26,8561,187,6021
27,8561,216,7047
28,8562,43,1796
29,8562,255,11814
30,8562,299,13917
31,8563,39,2159
32,8563,51,2744
33,8563,109,5509
34,8563,128,6434
35,8563,218,10742
36,8563,229,11265
37,8563,314,15464
38,8580,12,1410
39,8586,279,24586
40,8590,36,3366
41,8590,81,7539
42,8590,104,9788
43,8590,215,20553
44,8590,303,29492
45,8590,335,32851
46,8590,392,38323
47,8590,408,39986
48,8590,435,42735
49,8590,452,44435
50,8591,92,8854
51,8591,126,12253
52,8591,173,16916
53,8591,180,17599
54,8591,187,18276
55,8591,208,20321
56,8591,244,23814
57,8591,260,25446
58,8591,332,32256
59,8595,132,12138
60,8595,185,16888
61,8596,96,8915
62,8596,235,21825
63,8596,249,23148
64,8596,284,26332
65,8596,385,35545
66,8596,476,43728
67,8597,23,2143
68,8597,43,3996
69,8597,86,7898
70,8597,156,13842
71,8597,263,23565
72,8599,50,4810
73,8599,77,7343
74,8600,4,847
75,8600,120,11723
76,8601,14,1659
77,8601,45,4472
78,8602,16,1910
79,8602,78,7789
80,8602,144,14057
81,8602,268,25555
82,8603,122,8454
83,8603,126,8832
84,8605,48,4506
85,8605,177,16085
86,8605,186,16891
87,8605,213,19316
88,8605,327,29531
89,8605,335,30186
90,8606,16,1657
91,8606,86,8228
92,8606,204,19341
93,8606,343,31887
94,8607,77,6991
95,8607,92,8309
96,8608,106,10107
97,8608,107,10193
98,8608,180,17181
99,8608,340,31482
100,8609,37,3247
101,8611,6,266
102,8611,53,3670
103,8612,20,1522
104,8612,22,1690
105,8614,20,1633
106,8615,20,1296
107,8619,184,11935
108,8619,262,17755
109,8619,316,21770
110,8619,345,23996
111,8625,13,945
112,8629,58,4481
113,8629,71,5469
114,8629,153,11860
115,8629,178,13890
116,8630,12,759
117,8632,82,6797
118,8632,112,9548
119,8632,152,12599
120,8632,166,13498
121,8632,173,14245
122,8634,17,1672
123,8634,145,8914
124,8634,157,10230
125,8634,169,11390
126,8638,21,2182
127,8638,73,7193
128,8638,104,10348
129,8638,120,11970
130,8638,143,14582
131,8638,254,27019
132,8638,286,30507
133,8638,348,37455
134,8638,375,40471
135,8638,379,40934
136,8638,379,40959
137,8638,382,41312
138,8638,383,41437
139,8638,387,41827
140,8638,409,44341
141,8638,449,48745
142,8638,460,49994
143,8639,15,1780
144,8639,18,2085
145,8639,46,5082
146,8648,15,1194
147,8648,66,5432
148,8648,108,8949
149,8648,166,13902
150,8648,172,14471
151,8648,183,15351
152,8648,188,15713
153,8648,208,17349
154,8648,222,18436
155,8648,225,18709
156,8648,239,19864
157,8648,255,21158
158,8650,8,1347
159,8650,66,7151
160,8652,34,2689
161,8652,34,2712
162,8652,42,3372
163,8652,97,7711
164,8652,136,11270
165,8652,163,13308
166,8652,172,14030
167,8652,245,19299
168,8652,300,23376
169,8652,375,29054
170,8652,410,31676
171,8652,419,32392
172,8652,428,33893
173,8652,439,34769
174,8656,4,325
175,8656,59,5379
176,8656,80,7322
177,8656,96,8915
178,8656,155,14403
179,8656,156,14516
180,8656,156,14541
181,8656,164,15285
182,8656,238,22029
183,8658,13,1301
184,8658,55,4870
185,8658,206,16552
186,8658,243,19286
187,8658,278,21741
188,8667,48,3509
189,8667,48,3528
190,8667,61,4497
191,8667,146,10628
192,8667,194,14704
193,8667,264,20633
194,8667,279,22244
195,8672,11,1190
196,8672,11,1212
197,8672,18,2051
198,8672,43,4963
199,8672,52,6006
200,8672,60,6867
201,8672,118,13514
202,8672,141,16200
203,8675,19,2082
204,8675,98,10203
205,8675,124,13052
206,8675,135,14407
207,8675,170,18693
208,8675,185,20602
209,8675,190,21210
210,8675,229,26068
211,8675,432,41975
212,8675,442,42706
213,8677,62,3923
214,8677,95,6167
215,8678,28,2227
216,8678,46,2973
217,8678,78,4349
218,8678,118,6016
219,8678,136,6772
220,8678,206,9882
221,8678,250,11863
222,8678,315,15091
223,8678,343,16369
224,8678,352,16780
225,8678,382,18368
226,8678,391,19025
227,8678,395,19370
228,8678,433,22264
229,8679,15,1175
230,8679,36,2822
231,8679,64,5539
232,8679,67,5831
233,8679,79,6831
234,8679,111,8932
235,8679,138,11018
236,8679,149,11963
237,8679,221,18114
238,8679,273,22990
239,8679,341,30567
240,8679,359,32837
241,8679,383,35708
242,8679,400,37825
243,8679,421,40382
244,8679,469,46270
245,8680,1,79
246,8680,18,2306
247,8680,30,3852
248,8680,32,4112
249,8681,3,655
250,8681,14,1984
251,8681,31,4288
252,8681,153,13540
253,8681,226,18721
254,8681,234,19353
255,8681,242,19951
256,8681,313,25865
257,8681,320,26496
258,8681,366,29974
259,8681,404,32986
260,8682,2,103
261,8682,41,3279
262,8682,126,9691
263,8682,129,9917
264,8682,207,16509
265,8682,220,17593
266,8682,248,20283
267,8682,263,21456
268,8682,282,22890
269,8682,374,31404
270,8682,376,31575
271,8682,405,34963
272,8682,438,38577
273,8682,461,41142
274,8682,462,41263
275,8684,13,1908
276,8684,21,2860
277,8684,27,3462
278,8684,36,4445
279,8684,74,8804
280,8684,105,12381
281,8684,122,14102
282,8684,150,16814
283,8684,162,17825
284,8684,168,18328
285,8684,201,21652
286,8684,295,32137
287,8684,333,36258
288,8684,344,37387
289,8684,372,40534
290,8684,389,42269
291,8684,422,46062
292,8684,424,46297
293,8685,32,3292
294,8685,39,4110
295,8685,64,6701
296,8685,106,11263
297,8685,122,12839
298,8685,149,15589
299,8685,199,20858
300,8685,235,24620
301,8685,291,30313
302,8685,296,30862
303,8686,10,853
304,8686,14,1293
305,8686,75,7730
306,8686,99,10195
307,8686,100,10329
308,8686,109,11235
309,8686,152,15709
310,8686,196,20298
311,8686,235,24640
312,8686,250,26109
313,8686,273,28313
314,8686,336,35153
315,8686,360,37805
316,8686,361,37968
317,8686,377,39379
318,8686,435,45709
319,8689,80,7226
320,8689,99,8994
321,8689,152,14011
322,8689,163,15049
323,8689,165,15246
324,8689,194,17882
325,8689,219,20202
326,8689,235,21707
327,8689,278,25541
328,8689,293,26896
329,8689,294,26987
330,8689,410,37534
331,8710,53,4698
332,8710,69,6400
333,8711,7,1017
334,8711,26,4384
335,8722,29,3991
336,8722,46,6522
337,8723,19,2960
338,8723,65,9757
339,8723,101,14915
340,8723,111,16312
341,8723,140,20371
342,8723,149,21583
343,8723,185,26427
344,8723,204,29037
345,8723,216,30727
346,8723,228,32405
347,8723,303,43090
348,8723,341,47760
349,8723,347,48581
350,8723,350,49027
351,8723,356,49834
352,8724,25,3358
353,8724,34,4653
354,8724,74,10282
355,8724,86,11945
356,8724,143,20017
357,8724,151,21166
358,8725,32,4143
359,8725,40,5296
360,8725,90,12080
361,8725,92,12409
362,8725,103,13924
363,8725,104,14068
364,8726,5,592
365,8726,25,2561
366,8733,28,3254
367,8733,48,5392
368,8733,77,8426
369,8733,84,9223
370,8737,35,3462
371,8737,55,5569
372,8737,118,12184
373,8738,9,1161
374,8738,38,4093
375,8738,213,21534
376,8738,254,25597
377,8738,289,29197
378,8739,40,3862
379,8739,98,9366
380,8739,236,22539
381,8739,278,26767
382,8739,297,28641
383,8740,59,5693
384,8740,145,13988
385,8740,166,16033
386,8740,195,18876
387,8740,333,33431
388,8740,389,39205
389,8740,394,39695
390,8740,397,40017
391,8743,29,3522
392,8743,125,12923
393,8743,129,13340
394,8743,192,19471
395,8743,196,19829
396,8743,223,22472
397,8743,353,35332
398,8743,424,42348
399,8744,4,392
400,8744,134,13090
401,8744,158,15449
402,8744,183,18038
403,8744,205,20278
404,8758,30,2864
405,8758,62,5937
406,8758,62,5943
407,8758,74,7148
408,8758,99,9708
409,8766,49,6300
410,8766,146,18328
411,8766,147,18466
412,8766,162,20267
413,8766,280,34671
414,9436,120,11414
415,9436,190,21010
416,9447,27,2435
417,9447,47,4303
418,9447,81,7416
419,9447,175,15520
420,9447,233,20594
421,9447,268,23893
422,9447,285,25301
423,9447,328,29025
424,9447,388,34704
425,9448,23,2103
426,9448,33,2990
427,9448,51,4614
428,9448,63,5703
429,9448,119,10961
430,9448,146,13337
431,9448,168,15156
432,9448,276,24947
433,9448,307,27904
434,9448,314,28601
435,9448,383,35295
436,9448,384,35376
437,9448,393,36247
438,9448,394,36357
439,9448,398,36720
440,9448,400,36881
441,9449,165,15962
442,9449,188,18097
443,9449,188,18126
444,9449,207,19860
445,9451,72,6546
446,9451,75,6842
447,9451,76,6950
448,9451,110,9890
449,9451,132,11834
450,9451,243,21541
451,9451,284,25290
452,9451,321,28625
453,9451,374,33515
454,9451,413,37109
455,9451,440,39405
456,9451,474,42636
457,9452,2,126
458,9452,66,6183
459,9452,95,9022
460,9452,115,10860
461,9452,182,16879
462,9452,269,24901
463,9452,364,33837
464,9452,382,35425
465,9452,393,36557
466,9452,395,36711
467,9452,406,37802
468,9452,426,39809
469,9452,428,40038
470,9452,430,40183
471,9452,454,42548
472,9452,462,43219
473,9453,36,3321
474,9453,75,7037
475,9453,189,17670
476,9473,22,1712
477,9473,93,7778
478,9473,200,16880
479,9473,244,20973
480,9473,275,23703
481,9473,410,34986
482,9473,477,41043
483,9473,499,42842
484,9473,541,45864
485,9473,550,46592
486,9473,583,49427
487,9474,11,1272
488,9474,23,2308
489,9474,30,2898
490,9474,196,16698
491,9474,219,18504
492,9474,389,33238
493,9474,428,36485
494,9474,460,39205
495,9476,26,2439
496,9476,167,15482
497,9476,172,15887
498,9477,52,5051
499,9477,68,6394
500,9477,103,9421
501,9477,117,10641
502,9480,122,8934
503,9480,372,28508
504,9480,401,30983
505,9480,402,31071
506,9480,432,33369
507,9481,12,900
508,9481,18,1371
509,9481,40,3038
510,9481,49,3771
511,9481,71,4965
512,9481,134,9838
513,9481,159,11928
514,9481,161,12068
515,9481,166,12514
516,9481,179,13579
517,9481,195,14849
518,9481,234,18114
519,9481,257,20050
520,9481,280,21954
521,9481,285,22373
522,9481,343,27394
523,9481,402,32492
524,9481,440,35733
525,9481,464,37738
526,9482,45,3688
527,9482,60,4980
528,9482,123,10361
529,9482,174,14783
530,9482,303,23627
531,9483,9,537
532,9484,49,3277
533,9484,113,7063
534,9485,50,3859
535,9485,73,5403
536,9485,74,5470
537,9485,104,7552
538,9485,111,8084
539,9485,201,15256
540,9485,241,18606
541,9485,259,20159
542,9486,28,2485
543,9486,47,3911
544,9486,164,12519
545,9486,208,15955
546,9486,218,16801
547,9486,223,17303
548,9486,264,20621
549,9486,284,22170
550,9488,13,990
551,9488,29,2203
552,9488,59,4717
553,9488,70,5565
554,9488,83,6631
555,9488,171,13855
556,9488,242,19248
557,9488,253,20072
558,9488,253,20096
559,9488,257,20407
560,9488,269,21297
561,9488,300,23706
562,9488,320,25314
563,9488,323,25514
564,9489,1,27
565,9489,4,259
566,9489,125,8505
567,9489,161,10808
568,9489,164,11017
569,9491,13,1018
570,9491,48,3350
571,9491,117,7932
572,9491,129,8687
573,9491,181,11948
574,9491,231,15194
575,9491,247,16296
576,9491,319,20808
577,9491,384,25440
578,9491,399,26646
579,9491,406,27178
580,9492,57,4388
581,9492,71,5453
582,9492,106,8188
583,9492,114,8805
584,9493,7,533
585,9493,51,4020
586,9493,95,7070
587,9493,97,7215
588,9493,101,7517
589,9493,109,8116
590,9493,257,19327
591,9493,317,23789
592,9495,14,1266
593,9495,20,1679
594,9495,115,8984
595,9495,143,11089
596,9495,209,14258
597,9495,222,15313
598,9495,251,17640
599,9495,275,19531
600,9495,342,24527
601,9496,4,745
602,9497,53,3252
603,9498,11,659
604,9498,15,905
605,9498,60,3882
606,9498,89,5764
607,9498,91,5884
608,9498,229,14466
609,9498,263,17171
610,9498,300,20229
611,9498,313,21571
612,9498,345,24746
613,9498,354,25699
614,9498,384,28636
615,9498,393,29612
616,9498,472,36385
617,9498,479,36985
618,9503,208,18430
619,9506,4,339
620,9506,15,1364
621,9506,33,3207
622,9506,36,3549
623,9506,37,3669
624,9506,41,4094
625,9506,60,6036
626,9508,76,7851
627,9508,126,12735
628,9508,146,14796
629,9509,47,3552
630,9509,110,9639
631,9509,133,11867
632,9509,140,12612
633,9509,159,14519
634,9509,200,18695
635,9509,245,23157
636,9509,319,30472
637,9509,323,30856
638,9509,353,33814
639,9509,392,37873
640,9509,393,37990
641,9509,394,38144
642,9509,411,39769
643,9509,431,41782
644,9509,446,43158
645,9510,4,315
646,9510,14,1183
647,9510,30,2364
648,9510,69,5531
649,9510,71,5757
650,9510,103,8711
651,9511,63,5397
652,9511,80,6987
653,9511,105,9243
654,9511,179,16515
655,9511,191,17736
656,9512,5,465
657,9512,28,2930
658,9512,28,2946
659,9512,36,3803
660,9512,70,7502
661,9512,76,8101
662,9512,84,8923
663,9513,13,1297
664,9513,35,3447
665,9513,35,3473
666,9513,124,12326
667,9513,136,13447
668,9513,146,14453
669,9513,184,17984
670,9514,191,14578
671,9516,2,329
672,9517,96,8260
673,9517,106,9113
674,9517,107,9209
675,9517,164,14011
676,9517,217,18562
677,9517,237,20201
678,9517,324,27587
679,9518,29,2646
680,9518,33,3039
681,9532,71,4711
682,9532,75,5025
683,9533,26,1838
684,9535,135,9282
685,9535,232,16150
686,9535,242,16841
687,9535,248,17272
688,9535,257,17881
689,9535,258,17960
690,9535,299,20841
691,9535,303,21121
692,9535,318,22198
693,9535,367,25692
694,9535,385,26965
695,9535,410,28673
696,9535,423,29485
697,9535,437,30414
698,9535,447,31101
699,9536,70,4608
700,9536,104,6902
701,9536,233,15177
702,9538,34,2417
703,9540,17,1128
704,9541,49,3583
705,9541,113,7776
706,9542,22,1418
707,9542,114,7858
708,9542,122,8397
709,9542,140,9470
710,9542,258,17756
711,9542,326,22795
712,9542,337,23613
713,9542,337,23626
714,9542,355,24942
715,9542,476,33097
716,9544,107,9269
717,9544,214,18745
718,9544,217,18902
719,9544,290,23351
720,9544,321,25303
721,9544,323,25448
722,9544,387,29430
723,9544,454,33596
724,9546,21,1276
725,9546,24,1419
726,9551,45,2920
727,9551,104,6555
728,9551,162,10131
729,9551,219,14149
730,9551,304,19751
731,9551,348,23203
732,9552,31,2284
733,9552,57,4201
734,9553,78,5594
735,9554,69,4780
736,9554,94,6537
737,9554,116,8055
738,9554,128,8891
739,9554,168,11720
740,9554,176,12250
741,9554,233,15681
742,9554,234,15776
743,9554,253,17212
744,9555,16,1214
745,9555,37,2722
746,9555,59,4349
747,9555,148,11041
748,9555,155,11556
749,9557,53,4107
750,9559,128,10784
751,9562,32,2428
752,9562,125,9648
753,9564,19,1898
754,9564,66,5934
755,9564,68,6051
756,9564,260,17777
757,9564,375,27755
758,9564,380,28180
759,9565,62,5703
760,9566,39,3566
761,9566,49,4464
762,9566,81,7231
763,9566,94,8437
764,9566,156,13485
765,9566,230,18862
766,9568,34,2223
767,9588,70,6539
768,9588,100,9437
769,9762,15,2505
770,9762,16,2610
771,9762,32,4244
772,9762,110,11544
773,9762,116,12064
774,9762,215,20242
775,9762,251,23420
776,9762,282,26047
777,9762,287,26450
778,9762,374,33637
779,9762,404,36080
780,9777,27,4127
781,9780,46,7029
782,9781,2,1065
783,9782,44,6593
784,9782,49,7367
785,9782,71,10798
786,9786,20,1909
787,9786,25,2359
788,9786,31,2905
789,9787,35,3561
790,9788,15,1215
791,9788,78,5744
792,9788,120,9604
793,9788,137,11283
794,9788,138,11353
795,9788,145,12058
796,9788,148,12385
797,9788,181,15670
798,9788,216,19172
799,9788,243,21458
800,9788,247,21771
801,9788,267,23425
