n_train,latent_dim,seed,vae_best_epoch,vae_best_val_loss,flow_best_epoch,flow_best_val_nll,train_RE_mean,val_RE_mean,kaon_RE_mean,auc,best_thr_nll,purity,precision,kaon_eff,recall,f1,proton_fpr,proton_eff,tn,fp,fn,tp,kaon_eff_at_1pct_fpr,valp_below_n,valp_below_mass_mean,valp_below_mass_std,valp_below_chi2_k_mean,valp_below_chi2_k_std,valp_below_chi2_p_mean,valp_below_chi2_p_std,valp_below_RE_mean,valp_below_RE_std,valp_above_n,valp_above_mass_mean,valp_above_mass_std,valp_above_chi2_k_mean,valp_above_chi2_k_std,valp_above_chi2_p_mean,valp_above_chi2_p_std,valp_above_RE_mean,valp_above_RE_std,kaon_below_n,kaon_below_mass_mean,kaon_below_mass_std,kaon_below_chi2_k_mean,kaon_below_chi2_k_std,kaon_below_chi2_p_mean,kaon_below_chi2_p_std,kaon_below_RE_mean,kaon_below_RE_std,kaon_above_n,kaon_above_mass_mean,kaon_above_mass_std,kaon_above_chi2_k_mean,kaon_above_chi2_k_std,kaon_above_chi2_p_mean,kaon_above_chi2_p_std,kaon_above_RE_mean,kaon_above_RE_std
32,4,74,50,4158.332830255682,41,4.148015975952148,0.3234419822692871,0.3346210718154907,0.5963228940963745,0.719762000536337,6.547473907470703,0.8355387523629489,0.8355387523629489,0.4018181818181818,0.4018181818181818,0.5426642111724984,0.06415929203539823,0.9358407079646017,1269,87,658,442,0.1481818181818182,1269,936.48681640625,63.70824432373047,2.058180093765259,2.1482348442077637,1.7837129831314087,2.6059510707855225,0.3277435004711151,0.09600255638360977,87,904.4114379882812,80.08486938476562,2.295264482498169,3.3309390544891357,1.683017373085022,3.1355950832366943,0.4349392354488373,0.1248559057712555,658,504.7713623046875,68.16336059570312,3.3187055587768555,7.424215316772461,3.5490455627441406,5.273414611816406,0.5616928935050964,0.2612251341342926,442,486.7404479980469,61.55512619018555,3.37748122215271,7.617847919464111,3.5384645462036133,6.027785301208496,0.6478763222694397,0.2533799409866333
32,4,1074,42,4287.25028852983,150,-0.3341113328933716,0.31237709522247314,0.3256978690624237,0.5710763335227966,0.8452966613032985,21.466964721679688,0.7480653482373173,0.7480653482373173,0.7909090909090909,0.7909090909090909,0.7688908528501989,0.21607669616519173,0.7839233038348082,1063,293,230,870,0.11090909090909092,1063,936.4556884765625,64.045654296875,2.0638864040374756,2.281026601791382,1.77032470703125,2.6705124378204346,0.30709952116012573,0.08269524574279785,293,927.075927734375,69.3770751953125,2.107875108718872,2.097252130508423,1.802384853363037,2.539618968963623,0.3931725025177002,0.15703199803829193,230,513.1206665039062,75.86276245117188,2.62532901763916,3.537870168685913,3.0112040042877197,2.745725154876709,0.42548447847366333,0.1639937460422516,870,493.4035339355469,62.74185562133789,3.5318729877471924,8.225128173828125,3.6858577728271484,6.114051342010498,0.6095660924911499,0.23730574548244476
32,4,2074,54,4464.045854048295,38,1.9713490009307861,0.3175872564315796,0.3306373059749603,0.5450204014778137,0.7762148028962188,4.963083744049072,0.821301775147929,0.821301775147929,0.6309090909090909,0.6309090909090909,0.7136246786632391,0.11135693215339233,0.8886430678466076,1205,151,406,694,0.3290909090909091,1205,936.252685546875,62.21291732788086,2.0437090396881104,2.2446064949035645,1.7793264389038086,2.6503751277923584,0.31565892696380615,0.0834232047200203,151,919.87548828125,85.08070373535156,2.3102595806121826,2.21340274810791,1.7606991529464722,2.5817384719848633,0.45016661286354065,0.12039106339216232,406,506.37054443359375,74.5112075805664,2.7058603763580322,3.9379990100860596,3.04536771774292,3.1170878410339355,0.4361278712749481,0.16160450875759125,694,492.35211181640625,60.190181732177734,3.7146623134613037,8.930116653442383,3.836965322494507,6.601223468780518,0.6087241768836975,0.2407691329717636
64,4,106,55,3410.776777787642,42,4.270925045013428,0.23694220185279846,0.2638007700443268,0.5064157843589783,0.8131181281844999,4.93480110168457,0.7650273224043715,0.7650273224043715,0.6363636363636364,0.6363636363636364,0.6947890818858561,0.15855457227138642,0.8414454277286135,1141,215,400,700,0.3690909090909091,1141,934.5863037109375,65.41083526611328,2.0225298404693604,2.278735399246216,1.8072328567504883,2.696087598800659,0.24962958693504333,0.07347765564918518,215,933.59326171875,64.9968032836914,2.3433115482330322,2.018895149230957,1.6181453466415405,2.332557439804077,0.3390069007873535,0.09592728316783905,400,514.1048583984375,74.52275085449219,2.730452299118042,3.6891417503356934,3.0464468002319336,3.087299346923828,0.34839102625846863,0.16264726221561432,700,488.05267333984375,58.849708557128906,3.691962957382202,8.961880683898926,3.8295633792877197,6.587663650512695,0.5967156291007996,0.2613321840763092
64,4,1106,46,4022.6513449928975,39,4.280388355255127,0.282218337059021,0.3180200457572937,0.5834448337554932,0.8323484848484849,6.103523254394531,0.7944621938232161,0.7944621938232161,0.6781818181818182,0.6781818181818182,0.7317312408043158,0.14233038348082597,0.8576696165191741,1163,193,354,746,0.21,1163,936.7738647460938,63.285831451416016,2.0516374111175537,2.2065720558166504,1.7563217878341675,2.541163921356201,0.3040423095226288,0.08584678173065186,193,920.2979125976562,75.10272216796875,2.204479217529297,2.4461607933044434,1.9033769369125366,3.1869900226593018,0.4022485613822937,0.1541065126657486,354,509.1686096191406,76.6927261352539,2.839768886566162,3.9593350887298584,3.2159833908081055,3.1395156383514404,0.44737833738327026,0.17197203636169434,746,492.0014953613281,59.78131866455078,3.5808000564575195,8.680800437927246,3.7008249759674072,6.425416946411133,0.648012638092041,0.2672184109687805
64,4,2106,65,3627.136241566051,65,1.396601915359497,0.22527049481868744,0.25151532888412476,0.5219919085502625,0.7883179136497721,2.9906537532806396,0.7265917602996255,0.7265917602996255,0.7054545454545454,0.7054545454545454,0.7158671586715867,0.2153392330383481,0.7846607669616519,1064,292,324,776,0.1481818181818182,1064,937.2616577148438,61.332305908203125,2.0247116088867188,2.164079427719116,1.7766294479370117,2.6286139488220215,0.2286897450685501,0.06015579402446747,292,924.106689453125,77.4048843383789,2.2507717609405518,2.5011868476867676,1.7795215845108032,2.694284200668335,0.3346880376338959,0.1533716917037964,324,504.9267883300781,71.37617492675781,3.014211654663086,5.8248209953308105,3.367926597595215,4.457061290740967,0.3668630123138428,0.18640807271003723,776,494.43621826171875,63.64019775390625,3.4793179035186768,8.09600830078125,3.618640422821045,5.996016979217529,0.5867622494697571,0.24575603008270264
128,4,170,99,2272.0481289950285,46,6.436676502227783,0.1350799798965454,0.15532007813453674,0.4291810095310211,0.8020675784392599,5.577582836151123,0.7893569844789357,0.7893569844789357,0.6472727272727272,0.6472727272727272,0.7112887112887113,0.140117994100295,0.859882005899705,1166,190,388,712,0.14545454545454545,1166,936.0542602539062,64.29336547851562,1.9905107021331787,2.1003148555755615,1.7319668531417847,2.5538206100463867,0.14283467829227448,0.05041687563061714,190,924.455078125,70.6788558959961,2.5820162296295166,2.922379493713379,2.055161714553833,3.121983766555786,0.2319410890340805,0.12931732833385468,388,508.11041259765625,71.88816833496094,3.0962445735931396,8.556100845336914,3.322115182876587,5.951210021972656,0.272342711687088,0.1806255578994751,712,491.7583923339844,62.10525894165039,3.4764211177825928,6.857876300811768,3.6661410331726074,5.377166271209717,0.5146490335464478,0.2605455219745636
128,4,1170,37,3199.9823663884945,14,12.364067077636719,0.2352181375026703,0.25050124526023865,0.5082104206085205,0.6331218155001341,9.400897026062012,0.8841463414634146,0.8841463414634146,0.39545454545454545,0.39545454545454545,0.5464824120603015,0.0420353982300885,0.9579646017699115,1299,57,665,435,0.13272727272727272,1299,936.1558837890625,63.85708999633789,2.1018755435943604,2.2758066654205322,1.8225178718566895,2.683364152908325,0.24636344611644745,0.08412416279315948,57,895.0713500976562,84.17224884033203,1.4242501258850098,1.057892084121704,0.7456666231155396,0.924288272857666,0.3447992205619812,0.16873620450496674,665,503.3092956542969,69.14251708984375,3.4866294860839844,7.9828972816467285,3.6937756538391113,5.776387691497803,0.4735284447669983,0.24226562678813934,435,488.685302734375,60.31575012207031,3.1217150688171387,6.6955695152282715,3.317040205001831,5.280405044555664,0.5612298846244812,0.25516417622566223
128,4,2170,77,2439.7322998046875,69,2.0280842781066895,0.1728445589542389,0.17763765156269073,0.4501260221004486,0.839331925449182,4.092735767364502,0.8197997775305895,0.8197997775305895,0.67,0.67,0.7373686843421711,0.11946902654867257,0.8805309734513275,1194,162,363,737,0.1690909090909091,1194,936.5994262695312,64.15496826171875,1.980436086654663,2.0799334049224854,1.6982206106185913,2.5068776607513428,0.16495957970619202,0.04788537323474884,162,918.4307250976562,71.56230926513672,2.7585067749023438,3.1158266067504883,2.3597447872161865,3.4331061840057373,0.27107980847358704,0.1266564130783081,363,512.0914916992188,72.37547302246094,2.7257139682769775,5.152214050292969,3.1095590591430664,4.1110310554504395,0.29302889108657837,0.1847945898771286,737,490.3521728515625,61.66102981567383,3.6460251808166504,8.404726028442383,3.7591633796691895,6.175999164581299,0.527502179145813,0.25756093859672546
256,4,298,50,2096.4458840110087,6,12.136486053466797,0.13704322278499603,0.14606933295726776,0.43447014689445496,0.28186712255296326,12.609320640563965,0.6601941747572816,0.6601941747572816,0.06181818181818182,0.06181818181818182,0.11305070656691604,0.025811209439528023,0.974188790560472,1321,35,1032,68,0.03636363636363636,1321,934.7543334960938,64.94641876220703,2.0464134216308594,2.2516047954559326,1.7710380554199219,2.6648619174957275,0.14329521358013153,0.06327664852142334,35,922.1436157226562,78.3253402709961,3.0916075706481934,1.5452486276626587,2.0117874145507812,1.547243356704712,0.25077295303344727,0.10746344178915024,1032,498.884033203125,66.13018798828125,3.333173990249634,7.588488578796387,3.546372652053833,5.670455455780029,0.4286113977432251,0.2692442238330841,68,476.91912841796875,63.47581100463867,3.481173515319824,6.0276994705200195,3.5208306312561035,4.1303019523620605,0.5233855843544006,0.2581867575645447
256,4,1298,100,1802.2962812943892,69,3.0924789905548096,0.10080791264772415,0.11382053792476654,0.4466143846511841,0.8265761598283723,4.473867416381836,0.712082262210797,0.712082262210797,0.7554545454545455,0.7554545454545455,0.733127481252757,0.24778761061946902,0.7522123893805309,1020,336,269,831,0.14727272727272728,1020,936.3460693359375,62.40927505493164,2.0061538219451904,2.221184492111206,1.7910453081130981,2.7392160892486572,0.09240887314081192,0.031546223908662796,336,928.6088256835938,73.25614929199219,2.2775046825408936,2.2950046062469482,1.7353800535202026,2.3248724937438965,0.17882025241851807,0.12884953618049622,269,513.757080078125,75.64330291748047,2.564155101776123,3.1014583110809326,2.938741683959961,2.690868616104126,0.2043810486793518,0.14364250004291534,831,492.2721252441406,61.91937255859375,3.5942206382751465,8.432044982910156,3.740976572036743,6.230757713317871,0.525026798248291,0.30877190828323364
256,4,2298,90,1963.4321011629972,148,2.053272247314453,0.11234240978956223,0.13191436231136322,0.4555504024028778,0.855699919549477,3.974104881286621,0.7574955908289241,0.7574955908289241,0.7809090909090909,0.7809090909090909,0.7690241718889884,0.2028023598820059,0.7971976401179941,1081,275,241,859,0.2309090909090909,1081,935.78564453125,63.39219284057617,1.9612704515457153,2.2291975021362305,1.7037394046783447,2.6263604164123535,0.11285676062107086,0.03893984109163284,275,929.0958862304688,72.291748046875,2.514127731323242,2.241443634033203,2.0662243366241455,2.6874544620513916,0.2068280428647995,0.12893688678741455,241,519.6476440429688,79.501953125,2.5926311016082764,3.1199517250061035,2.9004666805267334,2.658596992492676,0.2329719215631485,0.1862972378730774,859,491.31982421875,60.51013946533203,3.5526554584503174,8.313241958618164,3.7255656719207764,6.151675224304199,0.5179967880249023,0.2925596833229065
512,4,554,92,1576.4108775745738,131,2.282457113265991,0.08900131285190582,0.10440347343683243,0.43697285652160645,0.8549172030034862,4.404284477233887,0.7452667814113597,0.7452667814113597,0.7872727272727272,0.7872727272727272,0.7656940760389036,0.2182890855457227,0.7817109144542773,1060,296,234,866,0.28363636363636363,1060,934.794189453125,63.742488861083984,1.9992668628692627,2.2193169593811035,1.7997130155563354,2.7560994625091553,0.08700144290924072,0.03301822021603584,296,933.1205444335938,70.79073333740234,2.338836431503296,2.3053550720214844,1.6968179941177368,2.1867353916168213,0.16672155261039734,0.10047800093889236,234,524.8530883789062,77.72684478759766,2.493074893951416,2.8823440074920654,2.7893474102020264,2.6125736236572266,0.1592562049627304,0.09725659340620041,866,490.1422424316406,60.63141632080078,3.571796178817749,8.304598808288574,3.7489216327667236,6.132815361022949,0.5120140910148621,0.29397836327552795
512,4,1554,48,1814.2817049893465,93,1.0430269241333008,0.11721546947956085,0.12826083600521088,0.43889233469963074,0.8778771118262269,3.566377878189087,0.7741935483870968,0.7741935483870968,0.7854545454545454,0.7854545454545454,0.779783393501805,0.18584070796460178,0.8141592920353983,1104,252,236,864,0.2309090909090909,1104,936.5535278320312,63.99462890625,1.984311580657959,2.203251838684082,1.73997962474823,2.6730260848999023,0.10922304540872574,0.03683650866150856,252,925.1209106445312,70.2264633178711,2.4636456966400146,2.3693065643310547,1.94054114818573,2.4994611740112305,0.21166445314884186,0.12284582853317261,236,516.2427368164062,80.91513061523438,2.287590503692627,3.373753070831299,2.599700450897217,2.5718164443969727,0.18585561215877533,0.11655827611684799,864,492.413818359375,60.5655517578125,3.6304209232330322,8.254142761230469,3.8029444217681885,6.1339945793151855,0.5080088376998901,0.2898360788822174
512,4,2554,76,1649.4060169566762,41,3.2901718616485596,0.08290927112102509,0.09756064414978027,0.42142966389656067,0.8350559801555377,3.8502917289733887,0.7313304721030043,0.7313304721030043,0.7745454545454545,0.7745454545454545,0.752317880794702,0.2308259587020649,0.7691740412979351,1043,313,248,852,0.17272727272727273,1043,935.6251220703125,62.80361557006836,1.988118052482605,2.3218395709991455,1.7583867311477661,2.694931745529175,0.07804141938686371,0.02980789728462696,313,930.4426879882812,73.06031036376953,2.3575439453125,1.9284099340438843,1.8401167392730713,2.459961414337158,0.16260391473770142,0.10468418151140213,248,511.8447570800781,77.38863372802734,2.387843370437622,2.4766733646392822,2.7894721031188965,2.3807506561279297,0.19235478341579437,0.15691065788269043,852,493.35833740234375,61.9367790222168,3.620152235031128,8.396689414978027,3.764652729034424,6.199882507324219,0.48810872435569763,0.292603999376297
1024,4,1066,74,1354.369950727983,136,2.022101879119873,0.07237869501113892,0.07954155653715134,0.4072471261024475,0.8616076696165191,4.937749862670898,0.812,0.812,0.7381818181818182,0.7381818181818182,0.7733333333333333,0.13864306784660768,0.8613569321533924,1168,188,288,812,0.28363636363636363,1168,933.805419921875,64.40735626220703,1.9986381530761719,2.2018418312072754,1.7444854974746704,2.6264498233795166,0.06741837412118912,0.027886413037776947,188,938.3023681640625,70.80390930175781,2.537813663482666,2.431579351425171,1.9808238744735718,2.734262466430664,0.15486006438732147,0.10691791772842407,288,519.3190307617188,79.18910217285156,2.8835999965667725,6.032005310058594,3.081766366958618,4.671957015991211,0.15306025743484497,0.1287110149860382,812,489.7967224121094,59.01431655883789,3.5050222873687744,7.951874256134033,3.7090203762054443,5.870132923126221,0.4974021017551422,0.29205647110939026
1024,4,2066,90,1401.6423894708807,92,2.2226908206939697,0.07364694774150848,0.08323989808559418,0.4222504198551178,0.8670662375972109,3.427279233932495,0.7535744322960471,0.7535744322960471,0.8145454545454546,0.8145454545454546,0.7828746177370031,0.21607669616519173,0.7839233038348082,1063,293,204,896,0.22181818181818183,1063,934.4276123046875,64.36439514160156,1.966346263885498,2.2568509578704834,1.7516090869903564,2.6873393058776855,0.06653666496276855,0.023412499576807022,293,934.4334716796875,68.80065155029297,2.4617486000061035,2.146144151687622,1.8702850341796875,2.472144842147827,0.1438390016555786,0.0965353325009346,204,527.0576782226562,83.41867065429688,2.4399614334106445,2.942988634109497,2.74638032913208,2.810835123062134,0.13753829896450043,0.12211056798696518,896,490.802490234375,59.593379974365234,3.5477709770202637,8.177081108093262,3.7265756130218506,6.02882719039917,0.48707327246665955,0.2966860830783844
1024,4,3066,93,1304.767039905895,59,2.8224525451660156,0.07892058044672012,0.08649037033319473,0.43834835290908813,0.843947774202199,4.6402153968811035,0.7778846153846154,0.7778846153846154,0.7354545454545455,0.7354545454545455,0.7560747663551401,0.17035398230088494,0.8296460176991151,1125,231,291,809,0.20545454545454545,1125,934.4260864257812,64.32151794433594,1.987375020980835,2.270639181137085,1.7619582414627075,2.6800007820129395,0.07194707542657852,0.02436147630214691,231,934.442626953125,70.1408462524414,2.4923007488250732,2.0499072074890137,1.8517358303070068,2.4519474506378174,0.15731807053089142,0.09947747737169266,291,516.8026123046875,77.33570861816406,2.4897892475128174,3.5923376083374023,2.7514805793762207,2.7990071773529053,0.17696288228034973,0.15554942190647125,809,490.5924072265625,60.198150634765625,3.648981809616089,8.456061363220215,3.8301515579223633,6.2707929611206055,0.5323696136474609,0.3079974055290222
2048,4,2090,89,1141.1095331365411,56,2.497830629348755,0.060537733137607574,0.06651229411363602,0.42196494340896606,0.8593624296057925,4.1165690422058105,0.7721866422689845,0.7721866422689845,0.7672727272727272,0.7672727272727272,0.7697218422252622,0.1836283185840708,0.8163716814159292,1107,249,256,844,0.24272727272727274,1107,933.8414916992188,64.38712310791016,1.983628511428833,2.2735283374786377,1.756980538368225,2.7114245891571045,0.052321456372737885,0.021249648183584213,249,937.0400390625,69.40392303466797,2.472456932067871,2.0527892112731934,1.8673752546310425,2.310340404510498,0.12960171699523926,0.09491125494241714,256,522.4445190429688,78.90275573730469,2.5839223861694336,3.639483690261841,2.886399984359741,3.001246452331543,0.13265515863895416,0.128770649433136,844,489.968017578125,59.801918029785156,3.5723588466644287,8.311579704284668,3.7444961071014404,6.146908760070801,0.5097177028656006,0.3090987801551819
2048,4,3090,83,1196.3520951704545,60,2.4972918033599854,0.06759092211723328,0.0752057135105133,0.4461190402507782,0.8593262268704746,5.173928737640381,0.8232217573221757,0.8232217573221757,0.7154545454545455,0.7154545454545455,0.7655642023346303,0.12463126843657817,0.8753687315634219,1187,169,313,787,0.35454545454545455,1187,934.0542602539062,65.517578125,1.9886189699172974,2.2380104064941406,1.7402843236923218,2.6472485065460205,0.06197671964764595,0.029190881177783012,169,937.060302734375,64.0643310546875,2.668804407119751,2.1845226287841797,2.03690242767334,2.59684157371521,0.16812174022197723,0.11335860937833786,313,515.880859375,78.83960723876953,2.861934185028076,5.84857702255249,3.0596296787261963,4.544389724731445,0.15723752975463867,0.13567158579826355,787,490.2263488769531,58.85708236694336,3.533379554748535,8.057744979858398,3.7377495765686035,5.941575527191162,0.5610109567642212,0.31216031312942505
2048,4,4090,42,1340.1385276100852,104,2.02815842628479,0.08021023124456406,0.08461994677782059,0.4133460521697998,0.8720829981228211,4.779865741729736,0.8255933952528379,0.8255933952528379,0.7272727272727273,0.7272727272727273,0.7733204446592556,0.12463126843657817,0.8753687315634219,1187,169,300,800,0.27636363636363637,1187,934.4732666015625,65.11814880371094,1.9860632419586182,2.2559542655944824,1.7350224256515503,2.6815059185028076,0.0723147839307785,0.030743828043341637,169,934.116943359375,66.93616485595703,2.6867551803588867,2.043999433517456,2.0738604068756104,2.330502986907959,0.17104725539684296,0.09424465149641037,300,517.3048706054688,77.67040252685547,2.777674913406372,5.606017112731934,2.994126081466675,4.413549423217773,0.15714630484580994,0.1301206350326538,800,490.1092224121094,59.664913177490234,3.554065465927124,8.088813781738281,3.751293897628784,5.956079483032227,0.5094209313392639,0.28691211342811584
5421,4,5463,80,998.6160472523082,105,2.4872072493832413,0.05998116731643677,0.06355985999107361,0.4527483582496643,0.8643007508715473,5.463943004608154,0.8436830835117773,0.8436830835117773,0.7163636363636363,0.7163636363636363,0.7748279252704031,0.10766961651917405,0.8923303834808259,1210,146,312,788,0.3472727272727273,1210,933.6227416992188,65.729736328125,2.000934600830078,2.225419521331787,1.7344659566879272,2.631920576095581,0.050854314118623734,0.02338021993637085,146,941.1098022460938,61.652732849121094,2.6738874912261963,2.295283794403076,2.131849765777588,2.7063324451446533,0.16885927319526672,0.1397593915462494,312,517.7862548828125,79.47271728515625,2.7661755084991455,5.837804794311523,2.987264633178711,4.5463080406188965,0.13357502222061157,0.1410924643278122,788,489.50445556640625,58.20790481567383,3.570441961288452,8.054970741271973,3.7655413150787354,5.9359612464904785,0.5791215896606445,0.3327874541282654
5421,4,6463,65,1062.5131808194246,125,2.2657972677417004,0.0647929310798645,0.06738516688346863,0.4406915307044983,0.8650767632072942,5.1284308433532715,0.8256302521008403,0.8256302521008403,0.7145454545454546,0.7145454545454546,0.7660818713450293,0.1224188790560472,0.8775811209439528,1190,166,314,786,0.37545454545454543,1190,933.8203735351562,65.892578125,1.9991551637649536,2.2007744312286377,1.7217557430267334,2.6158714294433594,0.055938996374607086,0.023677797988057137,166,938.7908325195312,61.09007263183594,2.605565071105957,2.4594736099243164,2.1750876903533936,2.7975406646728516,0.14943906664848328,0.10538739711046219,314,517.0015869140625,79.72683715820312,2.5244381427764893,2.910676956176758,2.8368048667907715,2.682844638824463,0.1537427306175232,0.14237575232982635,786,489.7459411621094,58.13761520385742,3.669060230255127,8.659173965454102,3.827629327774048,6.366785526275635,0.5553250312805176,0.32270923256874084
5421,4,7463,91,943.5742021040483,59,2.8099982233556813,0.05220182240009308,0.05737408623099327,0.43948474526405334,0.8772841244301421,5.369698524475098,0.8292433537832311,0.8292433537832311,0.7372727272727273,0.7372727272727273,0.78055822906641,0.12315634218289086,0.8768436578171092,1189,167,289,811,0.4027272727272727,1189,933.6187133789062,65.11124420166016,1.9999659061431885,2.25081467628479,1.7293293476104736,2.647162675857544,0.04499709606170654,0.020059335976839066,167,940.1969604492188,66.72118377685547,2.5961618423461914,2.111093521118164,2.1184518337249756,2.586212158203125,0.14549526572227478,0.13406220078468323,289,517.185302734375,77.28943634033203,2.813392400741577,5.969913005828857,3.037567138671875,4.755857467651367,0.1596633493900299,0.18833130598068237,811,490.52069091796875,60.2217903137207,3.53080677986145,7.968461513519287,3.725543737411499,5.845645904541016,0.53919917345047,0.3281134366989136
